ds,yhat,risk_score
2024-01-01 00:00:00,40.77054572446986,0.0
2024-01-01 01:00:00,39.564073321540455,0.0
2024-01-01 02:00:00,39.5072311846275,0.0
2024-01-01 03:00:00,40.35049498116122,0.0
2024-01-01 04:00:00,41.29471418555525,0.0
2024-01-01 05:00:00,41.67367111766511,0.0
2024-01-01 06:00:00,41.458456127392594,0.0
2024-01-01 07:00:00,41.1560410560037,0.0
2024-01-01 08:00:00,41.24980510214033,0.0
2024-01-01 09:00:00,41.73875406675993,0.0
2024-01-01 10:00:00,42.19489531807329,0.0
2024-01-01 11:00:00,42.23256427449957,0.0
2024-01-01 12:00:00,41.89570979879999,0.0
2024-01-01 13:00:00,41.58832596348145,0.0
2024-01-01 14:00:00,41.654390384252096,0.0
2024-01-01 15:00:00,42.05898391896612,0.0
2024-01-01 16:00:00,42.4892825570279,0.0
2024-01-01 17:00:00,42.73660251536723,0.0
2024-01-01 18:00:00,42.92209399545345,0.0
2024-01-01 19:00:00,43.30244028557712,0.0
2024-01-01 20:00:00,43.85805966423038,0.0
2024-01-01 21:00:00,44.133972195137325,0.0
2024-01-01 22:00:00,43.57561431791318,0.0
2024-01-01 23:00:00,42.0894389594201,0.0
2024-01-02 00:00:00,40.27967431554453,0.0
2024-01-02 01:00:00,39.073201912576195,0.0
2024-01-02 02:00:00,39.016359775653484,0.0
2024-01-02 03:00:00,39.85962357213036,0.0
2024-01-02 04:00:00,40.80384277653665,0.0
2024-01-02 05:00:00,41.18279970867577,0.0
2024-01-02 06:00:00,40.967584718417925,0.0
2024-01-02 07:00:00,40.66516964701957,0.0
2024-01-02 08:00:00,40.75893369315131,0.0
2024-01-02 09:00:00,41.24788265778094,0.0
2024-01-02 10:00:00,41.704023909072134,0.0
2024-01-02 11:00:00,41.74169286548115,0.0
2024-01-02 12:00:00,41.40483838981004,0.0
2024-01-02 13:00:00,41.09745455449244,0.0
2024-01-02 14:00:00,41.163518975260885,0.0
2024-01-02 15:00:00,41.568112509976196,0.0
2024-01-02 16:00:00,41.998411148039025,0.0
2024-01-02 17:00:00,42.24573110638188,0.0
2024-01-02 18:00:00,42.43122258644832,0.0
2024-01-02 19:00:00,42.81156887660526,0.0
2024-01-02 20:00:00,43.36718825525552,0.0
2024-01-02 21:00:00,43.64310078614639,0.0
2024-01-02 22:00:00,43.08474290680965,0.0
2024-01-02 23:00:00,41.59856754624727,0.0
2024-01-03 00:00:00,39.788802900251966,0.0
2024-01-03 01:00:00,38.58233049521283,0.0
2024-01-03 02:00:00,38.52548835619241,0.0
2024-01-03 03:00:00,39.36875215062554,0.0
2024-01-03 04:00:00,40.31297135293329,0.0
2024-01-03 05:00:00,40.69192828296237,0.0
2024-01-03 06:00:00,40.47671329062954,0.0
2024-01-03 07:00:00,40.17429821711659,0.0
2024-01-03 08:00:00,40.2680622611549,0.0
2024-01-03 09:00:00,40.75701122368564,0.0
2024-01-03 10:00:00,41.21315247292095,0.0
2024-01-03 11:00:00,41.2508214272338,0.0
2024-01-03 12:00:00,40.91396694948147,0.0
2024-01-03 13:00:00,40.606583112063824,0.0
2024-01-03 14:00:00,40.672647530734984,0.0
2024-01-03 15:00:00,41.07724106334254,0.0
2024-01-03 16:00:00,41.50753969932009,0.0
2024-01-03 17:00:00,41.75485965558778,0.0
2024-01-03 18:00:00,41.94035113357442,0.0
2024-01-03 19:00:00,42.32069742160908,0.0
2024-01-03 20:00:00,42.876316798204314,0.0
2024-01-03 21:00:00,43.15222932698883,0.0
2024-01-03 22:00:00,42.59387144762979,0.0
2024-01-03 23:00:00,41.10769608705343,0.0
2024-01-04 00:00:00,39.29793144108603,0.0
2024-01-04 01:00:00,38.091459036047226,0.0
2024-01-04 02:00:00,38.03461689705179,0.0
2024-01-04 03:00:00,38.87788069149577,0.0
2024-01-04 04:00:00,39.82209989379524,0.0
2024-01-04 05:00:00,40.20105682380968,0.0
2024-01-04 06:00:00,39.985841831461244,0.0
2024-01-04 07:00:00,39.683426757984705,0.0
2024-01-04 08:00:00,39.777190801999275,0.0
2024-01-04 09:00:00,40.26613976454004,0.0
2024-01-04 10:00:00,40.72228101377675,0.0
2024-01-04 11:00:00,40.75994996808482,0.0
2024-01-04 12:00:00,40.4230954903025,0.0
2024-01-04 13:00:00,40.11571165290494,0.0
2024-01-04 14:00:00,40.181776071567484,0.0
2024-01-04 15:00:00,40.586369604186004,0.0
2024-01-04 16:00:00,41.01666824016459,0.0
2024-01-04 17:00:00,41.26398819642432,0.0
2024-01-04 18:00:00,41.4494796744079,0.0
2024-01-04 19:00:00,41.82982595388692,0.0
2024-01-04 20:00:00,42.38544532192977,0.0
2024-01-04 21:00:00,42.66135784218857,0.0
2024-01-04 22:00:00,42.10299995431982,0.0
2024-01-04 23:00:00,40.61682458511579,0.0
2024-01-05 00:00:00,38.80705993070153,0.0
2024-01-05 01:00:00,37.600587517075034,0.0
2024-01-05 02:00:00,37.54374536952109,0.0
2024-01-05 03:00:00,38.38700915539223,0.0
2024-01-05 04:00:00,39.33122834912244,0.0
2024-01-05 05:00:00,39.71018527061739,0.0
2024-01-05 06:00:00,39.49497026970783,0.0
2024-01-05 07:00:00,39.19255518768401,0.0
2024-01-05 08:00:00,39.286319223183426,0.0
2024-01-05 09:00:00,39.775268177163056,0.0
2024-01-05 10:00:00,40.23140941782539,0.0
2024-01-05 11:00:00,40.269078363605814,0.0
2024-01-05 12:00:00,39.932223877268285,0.0
2024-01-05 13:00:00,39.62484003131964,0.0
2024-01-05 14:00:00,39.690904441434476,0.0
2024-01-05 15:00:00,40.09549796554047,0.0
2024-01-05 16:00:00,40.525796592936395,0.0
2024-01-05 17:00:00,40.77311654065091,0.0
2024-01-05 18:00:00,40.95860801009295,0.0
2024-01-05 19:00:00,41.33895428957822,0.0
2024-01-05 20:00:00,41.894573657595664,0.0
2024-01-05 21:00:00,42.1704861778608,0.0
2024-01-05 22:00:00,41.61212828999675,0.0
2024-01-05 23:00:00,40.12595292085925,0.0
2024-01-06 00:00:00,38.316188266342955,0.0
2024-01-06 01:00:00,37.1097158527392,0.0
2024-01-06 02:00:00,37.05287370517456,0.0
2024-01-06 03:00:00,37.89613749102453,0.0
2024-01-06 04:00:00,38.840356684814175,0.0
2024-01-06 05:00:00,39.21931360628935,0.0
2024-01-06 06:00:00,39.004098605395086,0.0
2024-01-06 07:00:00,38.70168352336303,0.0
2024-01-06 08:00:00,38.795447558857575,0.0
2024-01-06 09:00:00,39.284396512814226,0.0
2024-01-06 10:00:00,39.740537753487395,0.0
2024-01-06 11:00:00,39.7782066992855,0.0
2024-01-06 12:00:00,39.441352212941496,0.0
2024-01-06 13:00:00,39.1339683669986,0.0
2024-01-06 14:00:00,39.200032777133444,0.0
2024-01-06 15:00:00,39.604626301213706,0.0
2024-01-06 16:00:00,40.03492492859585,0.0
2024-01-06 17:00:00,40.28225038057605,0.0
2024-01-06 18:00:00,40.467747354272646,0.0
2024-01-06 19:00:00,40.848099138011506,0.0
2024-01-06 20:00:00,41.40372401027327,0.0
2024-01-06 21:00:00,41.679642034772904,0.0
2024-01-06 22:00:00,41.12128965113062,0.0
2024-01-06 23:00:00,39.63511978622646,0.0
2024-01-07 00:00:00,37.825360635962994,0.0
2024-01-07 01:00:00,36.6188937266293,0.0
2024-01-07 02:00:00,36.562057083309966,0.0
2024-01-07 03:00:00,37.405326373445135,0.0
2024-01-07 04:00:00,38.34955107145142,0.0
2024-01-07 05:00:00,38.72851349717842,0.0
2024-01-07 06:00:00,38.51330400051914,0.0
2024-01-07 07:00:00,38.210894422735876,0.0
2024-01-07 08:00:00,38.304663962474585,0.0
2024-01-07 09:00:00,38.793618420699694,0.0
2024-01-07 10:00:00,39.249765165624844,0.0
2024-01-07 11:00:00,39.2874396156655,0.0
2024-01-07 12:00:00,38.95059063357676,0.0
2024-01-07 13:00:00,38.64321229186336,0.0
2024-01-07 14:00:00,38.70928220623691,0.0
2024-01-07 15:00:00,39.1138812345567,0.0
2024-01-07 16:00:00,39.54418536622838,0.0
2024-01-07 17:00:00,39.79151081817822,0.0
2024-01-07 18:00:00,39.97700779187174,0.0
2024-01-07 19:00:00,40.357359575600405,0.0
2024-01-07 20:00:00,40.91298444789742,0.0
2024-01-07 21:00:00,41.18890247238455,0.0
2024-01-07 22:00:00,40.63055008878131,0.0
2024-01-07 23:00:00,39.14438022379825,0.0
2024-01-08 00:00:00,37.33462107356267,0.0
2024-01-08 01:00:00,36.12815416426404,0.0
2024-01-08 02:00:00,36.071317520934954,0.0
2024-01-08 03:00:00,36.91458681108099,0.0
2024-01-08 04:00:00,37.85881150907899,0.0
2024-01-08 05:00:00,38.23777393479135,0.0
2024-01-08 06:00:00,38.02256443811646,0.0
2024-01-08 07:00:00,37.72015486036961,0.0
2024-01-08 08:00:00,37.813924400084574,0.0
2024-01-08 09:00:00,38.302878858319716,0.0
2024-01-08 10:00:00,38.75902560324625,0.0
2024-01-08 11:00:00,38.796700053281015,0.0
2024-01-08 12:00:00,38.45985107116341,0.0
2024-01-08 13:00:00,38.1524727294701,0.0
2024-01-08 14:00:00,38.21941400152165,0.0
2024-01-08 15:00:00,38.62488438751968,0.0
2024-01-08 16:00:00,39.05605987686937,0.0
2024-01-08 17:00:00,39.30425668649644,0.0
2024-01-08 18:00:00,39.49062501787739,0.0
2024-01-08 19:00:00,39.87184815925432,0.0
2024-01-08 20:00:00,40.428344389224655,0.0
2024-01-08 21:00:00,40.705133771408214,0.0
2024-01-08 22:00:00,40.14765274545962,0.0
2024-01-08 23:00:00,38.66235423824705,0.0
2024-01-09 00:00:00,36.8534664456828,0.0
2024-01-09 01:00:00,35.647870893987445,0.0
2024-01-09 02:00:00,35.591905608324616,0.0
2024-01-09 03:00:00,36.43604625612643,0.0
2024-01-09 04:00:00,37.38114231181365,0.0
2024-01-09 05:00:00,37.76097609523222,0.0
2024-01-09 06:00:00,37.546637956247714,0.0
2024-01-09 07:00:00,37.245099736169585,0.0
2024-01-09 08:00:00,37.33974063355661,0.0
2024-01-09 09:00:00,37.829566449478726,0.0
2024-01-09 10:00:00,38.286584552060056,0.0
2024-01-09 11:00:00,38.32513035975448,0.0
2024-01-09 12:00:00,37.98915273534232,0.0
2024-01-09 13:00:00,37.68264575132688,0.0
2024-01-09 14:00:00,37.749587023376236,0.0
2024-01-09 15:00:00,38.15505740937555,0.0
2024-01-09 16:00:00,38.58623289872628,0.0
2024-01-09 17:00:00,38.834429708356886,0.0
2024-01-09 18:00:00,39.02079803971806,0.0
2024-01-09 19:00:00,39.402021181128255,0.0
2024-01-09 20:00:00,39.95851741109559,0.0
2024-01-09 21:00:00,40.23530679326307,0.0
2024-01-09 22:00:00,39.67782576729216,0.0
2024-01-09 23:00:00,38.19252726010056,0.0
2024-01-10 00:00:00,36.38363946750686,0.0
2024-01-10 01:00:00,35.17804391583099,0.0
2024-01-10 02:00:00,35.1220786301964,0.0
2024-01-10 03:00:00,35.96621927800906,0.0
2024-01-10 04:00:00,36.91131533368801,0.0
2024-01-10 05:00:00,37.29114911708682,0.0
2024-01-10 06:00:00,37.076810978118836,0.0
2024-01-10 07:00:00,36.77527275801516,0.0
2024-01-10 08:00:00,36.869913655399024,0.0
2024-01-10 09:00:00,37.35973947131253,0.0
2024-01-10 10:00:00,37.81675757392826,0.0
2024-01-10 11:00:00,37.85905015748079,0.0
2024-01-10 12:00:00,37.52681930893944,0.0
2024-01-10 13:00:00,37.22405910077711,0.0
2024-01-10 14:00:00,37.29474714870935,0.0
2024-01-10 15:00:00,37.70396431052705,0.0
2024-01-10 16:00:00,38.138886575745644,0.0
2024-01-10 17:00:00,38.39083016125748,0.0
2024-01-10 18:00:00,38.58094526846696,0.0
2024-01-10 19:00:00,38.96591518572985,0.0
2024-01-10 20:00:00,39.52615819159531,0.0
2024-01-10 21:00:00,39.80669434961284,0.0
2024-01-10 22:00:00,39.252960099544175,0.0
2024-01-10 23:00:00,37.77140836813655,0.0
2024-01-11 00:00:00,35.96626735141122,0.0
2024-01-11 01:00:00,34.76441857562097,0.0
2024-01-11 02:00:00,34.71220006584722,0.0
2024-01-11 03:00:00,35.56008748956064,0.0
2024-01-11 04:00:00,36.50893032107178,0.0
2024-01-11 05:00:00,36.892510880337966,0.0
2024-01-11 06:00:00,36.681919517220514,0.0
2024-01-11 07:00:00,36.384128072981184,0.0
2024-01-11 08:00:00,36.48251574623913,0.0
2024-01-11 09:00:00,36.97608833802228,0.0
2024-01-11 10:00:00,37.43685321650554,0.0
2024-01-11 11:00:00,37.47914580005218,0.0
2024-01-11 12:00:00,37.146914951504364,0.0
2024-01-11 13:00:00,36.84415474333972,0.0
2024-01-11 14:00:00,36.91484279126333,0.0
2024-01-11 15:00:00,37.324059953092004,0.0
2024-01-11 16:00:00,37.758982218334054,0.0
2024-01-11 17:00:00,38.01092580381553,0.0
2024-01-11 18:00:00,38.201040911043734,0.0
2024-01-11 19:00:00,38.586010828312865,0.0
2024-01-11 20:00:00,39.14625383413977,0.0
2024-01-11 21:00:00,39.42678999218036,0.0
2024-01-11 22:00:00,38.87305574208581,0.0
2024-01-11 23:00:00,37.39150401077171,0.0
2024-01-12 00:00:00,35.58636299404076,0.0
2024-01-12 01:00:00,34.38451421821158,0.0
2024-01-12 02:00:00,34.33229570842809,0.0
2024-01-12 03:00:00,35.18018313208466,0.0
2024-01-12 04:00:00,36.12902596360806,0.0
2024-01-12 05:00:00,36.51260652290351,0.0
2024-01-12 06:00:00,36.3020151597737,0.0
2024-01-12 07:00:00,36.00422371555193,0.0
2024-01-12 08:00:00,36.10727580275582,0.0
2024-01-12 09:00:00,36.60551280845502,0.0
2024-01-12 10:00:00,37.070942100841066,0.0
2024-01-12 11:00:00,37.11789909833725,0.0
2024-01-12 12:00:00,36.7903326637114,0.0
2024-01-12 13:00:00,36.492236869472855,0.0
2024-01-12 14:00:00,36.56758933132595,0.0
2024-01-12 15:00:00,36.98147090711927,0.0
2024-01-12 16:00:00,37.42105758625583,0.0
2024-01-12 17:00:00,37.67766558566927,0.0
2024-01-12 18:00:00,37.87244510683312,0.0
2024-01-12 19:00:00,38.26207943803693,0.0
2024-01-12 20:00:00,38.82698685776684,0.0
2024-01-12 21:00:00,39.11218742974217,0.0
2024-01-12 22:00:00,38.56311759358075,0.0
2024-01-12 23:00:00,37.08623027615409,0.0
2024-01-13 00:00:00,35.28575367335704,0.0
2024-01-13 01:00:00,34.08856931147903,0.0
2024-01-13 02:00:00,34.04101521561326,0.0
2024-01-13 03:00:00,34.893567053209836,0.0
2024-01-13 04:00:00,35.84707429868833,0.0
2024-01-13 05:00:00,36.23531927189243,0.0
2024-01-13 06:00:00,36.029392322706336,0.0
2024-01-13 07:00:00,35.73626529238867,0.0
2024-01-13 08:00:00,35.8393173795894,0.0
2024-01-13 09:00:00,36.33755438527998,0.0
2024-01-13 10:00:00,36.80298367767688,0.0
2024-01-13 11:00:00,36.84994067515578,0.0
2024-01-13 12:00:00,36.522374240573924,0.0
2024-01-13 13:00:00,36.22427844632561,0.0
2024-01-13 14:00:00,36.299630908171686,0.0
2024-01-13 15:00:00,36.713512483966305,0.0
2024-01-13 16:00:00,37.15309916308909,0.0
2024-01-13 17:00:00,37.40970716252088,0.0
2024-01-13 18:00:00,37.60448668366495,0.0
2024-01-13 19:00:00,37.99412101486378,0.0
2024-01-13 20:00:00,38.559028434628935,0.0
2024-01-13 21:00:00,38.84422900658819,0.0
2024-01-13 22:00:00,38.29515917040446,0.0
2024-01-13 23:00:00,36.81827185299876,0.0
2024-01-14 00:00:00,35.01779525017227,0.0
2024-01-14 01:00:00,33.82061088831372,0.0
2024-01-14 02:00:00,33.773056792476204,0.0
2024-01-14 03:00:00,34.62560863008364,0.0
2024-01-14 04:00:00,35.57911587555385,0.0
2024-01-14 05:00:00,35.967360848740064,0.0
2024-01-14 06:00:00,35.77579265513757,0.0
2024-01-14 07:00:00,35.4970243803633,0.0
2024-01-14 08:00:00,35.614435223144184,0.0
2024-01-14 09:00:00,36.12703098441373,0.0
2024-01-14 10:00:00,36.60681903238096,0.0
2024-01-14 11:00:00,36.66813478542404,0.0
2024-01-14 12:00:00,36.354927106403544,0.0
2024-01-14 13:00:00,36.071190067725105,0.0
2024-01-14 14:00:00,36.16090128512826,0.0
2024-01-14 15:00:00,36.58914161648401,0.0
2024-01-14 16:00:00,37.04308705119554,0.0
2024-01-14 17:00:00,37.31405380618833,0.0
2024-01-14 18:00:00,37.52319208289826,0.0
2024-01-14 19:00:00,37.92718516969409,0.0
2024-01-14 20:00:00,38.5064513450252,0.0
2024-01-14 21:00:00,38.806010672540886,0.0
2024-01-14 22:00:00,38.27129959196514,0.0
2024-01-14 23:00:00,36.808771030049485,0.0
2024-01-15 00:00:00,35.022653182893826,0.0
2024-01-15 01:00:00,33.83982757656529,0.0
2024-01-15 02:00:00,33.80663223628695,0.0
2024-01-15 03:00:00,34.673542829474194,0.0
2024-01-15 04:00:00,35.64140883045791,0.0
2024-01-15 05:00:00,36.04401255924559,0.0
2024-01-15 06:00:00,35.85244436562749,0.0
2024-01-15 07:00:00,35.57367609088963,0.0
2024-01-15 08:00:00,35.69108693364676,0.0
2024-01-15 09:00:00,36.203682694926336,0.0
2024-01-15 10:00:00,36.683470742894976,0.0
2024-01-15 11:00:00,36.74478649593215,0.0
2024-01-15 12:00:00,36.43157881688279,0.0
2024-01-15 13:00:00,36.147841778224446,0.0
2024-01-15 14:00:00,36.23755299562865,0.0
2024-01-15 15:00:00,36.665793326985685,0.0
2024-01-15 16:00:00,37.11973876169827,0.0
2024-01-15 17:00:00,37.390705516691334,0.0
2024-01-15 18:00:00,37.59984379341175,0.0
2024-01-15 19:00:00,38.003836880178895,0.0
2024-01-15 20:00:00,38.58310305550637,0.0
2024-01-15 21:00:00,38.88266238304154,0.0
2024-01-15 22:00:00,38.3479513024435,0.0
2024-01-15 23:00:00,36.88542274062137,0.0
2024-01-16 00:00:00,35.0993048933861,0.0
2024-01-16 01:00:00,33.916479287057896,0.0
2024-01-16 02:00:00,33.88328394676886,0.0
2024-01-16 03:00:00,34.75887784669329,0.0
2024-01-16 04:00:00,35.735427154494786,0.0
2024-01-16 05:00:00,36.14671419002103,0.0
2024-01-16 06:00:00,35.96382930317658,0.0
2024-01-16 07:00:00,35.69374433518883,0.0
2024-01-16 08:00:00,35.81983848472184,0.0
2024-01-16 09:00:00,36.341117552714394,0.0
2024-01-16 10:00:00,36.82958890745221,0.0
2024-01-16 11:00:00,36.8995879672654,0.0
2024-01-16 12:00:00,36.59506359496793,0.0
2024-01-16 13:00:00,36.32000986307367,0.0
2024-01-16 14:00:00,36.41840438722922,0.0
2024-01-16 15:00:00,36.855328025380835,0.0
2024-01-16 16:00:00,37.317956766817865,0.0
2024-01-16 17:00:00,37.597606828572815,0.0
2024-01-16 18:00:00,37.815428412058814,0.0
2024-01-16 19:00:00,38.22810480559056,0.0
2024-01-16 20:00:00,38.81605428765098,0.0
2024-01-16 21:00:00,39.12429692195082,0.0
2024-01-16 22:00:00,38.59826914811582,0.0
2024-01-16 23:00:00,37.14442389301106,0.0
2024-01-17 00:00:00,35.366989352539626,0.0
2024-01-17 01:00:00,34.19284705299251,0.0
2024-01-17 02:00:00,34.16833501948681,0.0
2024-01-17 03:00:00,35.04392891938715,0.0
2024-01-17 04:00:00,36.020478227215314,0.0
2024-01-17 05:00:00,36.43176526272366,0.0
2024-01-17 06:00:00,36.248880375866854,0.0
2024-01-17 07:00:00,35.97879540788058,0.0
2024-01-17 08:00:00,36.10488955741043,0.0
2024-01-17 09:00:00,36.626168625427354,0.0
2024-01-17 10:00:00,37.11463998013956,0.0
2024-01-17 11:00:00,37.18463903997499,0.0
2024-01-17 12:00:00,36.880114667685454,0.0
2024-01-17 13:00:00,36.605060935773366,0.0
2024-01-17 14:00:00,36.70345545992029,0.0
2024-01-17 15:00:00,37.14037909806411,0.0
2024-01-17 16:00:00,37.60300783950613,0.0
2024-01-17 17:00:00,37.88265790127943,0.0
2024-01-17 18:00:00,38.100479484750856,0.0
2024-01-17 19:00:00,38.513155878272414,0.0
2024-01-17 20:00:00,39.101105360368074,0.0
2024-01-17 21:00:00,39.40934799465509,0.0
2024-01-17 22:00:00,38.88332022085945,0.0
2024-01-17 23:00:00,37.42947496567579,0.0
2024-01-18 00:00:00,35.65954005216486,0.0
2024-01-18 01:00:00,34.492897379630215,0.0
2024-01-18 02:00:00,34.47588497304277,0.0
2024-01-18 03:00:00,35.35897849993598,0.0
2024-01-18 04:00:00,36.343027434688466,0.0
2024-01-18 05:00:00,36.761814097156325,0.0
2024-01-18 06:00:00,36.58642883724218,0.0
2024-01-18 07:00:00,36.32384349621238,0.0
2024-01-18 08:00:00,36.45743727270844,0.0
2024-01-18 09:00:00,36.98621596768715,0.0
2024-01-18 10:00:00,37.48218694935901,0.0
2024-01-18 11:00:00,37.55968563614356,0.0
2024-01-18 12:00:00,37.26266089080257,0.0
2024-01-18 13:00:00,36.99510678584318,0.0
2024-01-18 14:00:00,37.10100093697317,0.0
2024-01-18 15:00:00,37.54542420204627,0.0
2024-01-18 16:00:00,38.01555257046675,0.0
2024-01-18 17:00:00,38.302702259164704,0.0
2024-01-18 18:00:00,38.528023469609856,0.0
2024-01-18 19:00:00,38.94819949009268,0.0
2024-01-18 20:00:00,39.543648599104785,0.0
2024-01-18 21:00:00,39.85939086036987,0.0
2024-01-18 22:00:00,39.340862713503356,0.0
2024-01-18 23:00:00,37.89451708536824,0.0
2024-01-19 00:00:00,36.124582171851685,0.0
2024-01-19 01:00:00,34.95793949924338,0.0
2024-01-19 02:00:00,34.940927092680916,0.0
2024-01-19 03:00:00,35.824020619517285,0.0
2024-01-19 04:00:00,36.808069554282035,0.0
2024-01-19 05:00:00,37.22685621678241,0.0
2024-01-19 06:00:00,37.05147095687844,0.0
2024-01-19 07:00:00,36.788885615840414,0.0
2024-01-19 08:00:00,36.92247939233159,0.0
2024-01-19 09:00:00,37.45125808732032,0.0
2024-01-19 10:00:00,37.947229068970024,0.0
2024-01-19 11:00:00,38.02472775577224,0.0
2024-01-19 12:00:00,37.72770301040238,0.0
2024-01-19 13:00:00,37.46014890546307,0.0
2024-01-19 14:00:00,37.56604305659412,0.0
2024-01-19 15:00:00,38.0104663216685,0.0
2024-01-19 16:00:00,38.48059469009003,0.0
2024-01-19 17:00:00,38.76774437878827,0.0
2024-01-19 18:00:00,38.993065589243905,0.0
2024-01-19 19:00:00,39.413241609698034,0.0
2024-01-19 20:00:00,40.00869071874209,0.0
2024-01-19 21:00:00,40.32557434629233,0.0
2024-01-19 22:00:00,39.80818756570475,0.0
2024-01-19 23:00:00,38.362983303856886,0.0
2024-01-20 00:00:00,36.59418975666945,0.0
2024-01-20 01:00:00,35.42868845036272,0.0
2024-01-20 02:00:00,35.412817410090796,0.0
2024-01-20 03:00:00,36.297052303274924,0.0
2024-01-20 04:00:00,37.282242604332644,0.0
2024-01-20 05:00:00,37.702170633114484,0.0
2024-01-20 06:00:00,37.52792673950126,0.0
2024-01-20 07:00:00,37.266482764800884,0.0
2024-01-20 08:00:00,37.401217907555186,0.0
2024-01-20 09:00:00,37.931137968836545,0.0
2024-01-20 10:00:00,38.42825031682188,0.0
2024-01-20 11:00:00,38.506890369920555,0.0
2024-01-20 12:00:00,38.211006990859865,0.0
2024-01-20 13:00:00,37.94459425221201,0.0
2024-01-20 14:00:00,38.051629769637294,0.0
2024-01-20 15:00:00,38.49719440099544,0.0
2024-01-20 16:00:00,38.96846413572319,0.0
2024-01-20 17:00:00,39.25675519074101,0.0
2024-01-20 18:00:00,39.4832177674781,0.0
2024-01-20 19:00:00,39.90453515422849,0.0
2024-01-20 20:00:00,40.50112562960903,0.0
2024-01-20 21:00:00,40.818009257143174,0.0
2024-01-20 22:00:00,40.300622476533285,0.0
2024-01-20 23:00:00,38.8554182147064,0.0
2024-01-21 00:00:00,37.08662466748952,0.0
2024-01-21 01:00:00,35.92112336120226,0.0
2024-01-21 02:00:00,35.90525232095857,0.0
2024-01-21 03:00:00,36.78948721415356,0.0
2024-01-21 04:00:00,37.774677515203,0.0
2024-01-21 05:00:00,38.194605543966944,0.0
2024-01-21 06:00:00,38.020361650368386,0.0
2024-01-21 07:00:00,37.75891767564245,0.0
2024-01-21 08:00:00,37.893652818407965,0.0
2024-01-21 09:00:00,38.42357287969935,0.0
2024-01-21 10:00:00,38.92068522768607,0.0
2024-01-21 11:00:00,38.99932528074391,0.0
2024-01-21 12:00:00,38.70344190171171,0.0
2024-01-21 13:00:00,38.4370291630648,0.0
2024-01-21 14:00:00,38.5440646804782,0.0
2024-01-21 15:00:00,38.98962931184731,0.0
2024-01-21 16:00:00,39.460899046576095,0.0
2024-01-21 17:00:00,39.74919010158597,0.0
2024-01-21 18:00:00,39.97565267831998,0.0
2024-01-21 19:00:00,40.396970074477366,0.0
2024-01-21 20:00:00,40.99356055919828,0.0
2024-01-21 21:00:00,41.31044419613443,0.0
2024-01-21 22:00:00,40.79305742494252,0.0
2024-01-21 23:00:00,39.347853172415675,0.0
2024-01-22 00:00:00,37.57905963467962,0.0
2024-01-22 01:00:00,36.41355833773238,0.0
2024-01-22 02:00:00,36.39768730683088,0.0
2024-01-22 03:00:00,37.281922209442676,0.0
2024-01-22 04:00:00,38.26711251981562,0.0
2024-01-22 05:00:00,38.68704055798777,0.0
2024-01-22 06:00:00,38.5127966737558,0.0
2024-01-22 07:00:00,38.25135270842637,0.0
2024-01-22 08:00:00,38.38608786056593,0.0
2024-01-22 09:00:00,38.91600793124304,0.0
2024-01-22 10:00:00,39.41312028861336,0.0
2024-01-22 11:00:00,39.49176035104424,0.0
2024-01-22 12:00:00,39.19587698138452,0.0
2024-01-22 13:00:00,38.92946425211423,0.0
2024-01-22 14:00:00,39.03649977893464,0.0
2024-01-22 15:00:00,39.48206441965697,0.0
2024-01-22 16:00:00,39.95333416378815,0.0
2024-01-22 17:00:00,40.2416252281581,0.0
2024-01-22 18:00:00,40.468087814278284,0.0
2024-01-22 19:00:00,40.88940521044192,0.0
2024-01-22 20:00:00,41.485995695159836,0.0
2024-01-22 21:00:00,41.80287933208316,0.0
2024-01-22 22:00:00,41.2854925608657,0.0
2024-01-22 23:00:00,39.84028830843238,0.0
2024-01-23 00:00:00,38.071494770594306,0.0
2024-01-23 01:00:00,36.905993473669795,0.0
2024-01-23 02:00:00,36.8901224427576,0.0
2024-01-23 03:00:00,37.774357345348236,0.0
2024-01-23 04:00:00,38.7595476557582,0.0
2024-01-23 05:00:00,39.17947569393298,0.0
2024-01-23 06:00:00,39.005231809716314,0.0
2024-01-23 07:00:00,38.743787844362565,0.0
2024-01-23 08:00:00,38.878522996535736,0.0
2024-01-23 09:00:00,39.40844306716746,0.0
2024-01-23 10:00:00,39.90555542454861,0.0
2024-01-23 11:00:00,39.98419548699717,0.0
2024-01-23 12:00:00,39.6883121173465,0.0
2024-01-23 13:00:00,39.42189938806644,0.0
2024-01-23 14:00:00,39.52893491487985,0.0
2024-01-23 15:00:00,39.97449955563841,0.0
2024-01-23 16:00:00,40.44576930505488,0.0
2024-01-23 17:00:00,40.7340603747772,0.0
2024-01-23 18:00:00,40.96052296623863,0.0
2024-01-23 19:00:00,41.38184036774254,0.0
2024-01-23 20:00:00,41.978430857769055,0.0
2024-01-23 21:00:00,42.29531450003272,0.0
2024-01-23 22:00:00,41.77792773415397,0.0
2024-01-23 23:00:00,40.33272348701368,0.0
2024-01-24 00:00:00,38.563929954515125,0.0
2024-01-24 01:00:00,37.39842866294736,0.0
2024-01-24 02:00:00,37.38255763739416,0.0
2024-01-24 03:00:00,38.26679254529472,0.0
2024-01-24 04:00:00,39.25198286106537,0.0
2024-01-24 05:00:00,39.67191090455627,0.0
2024-01-24 06:00:00,39.49766702566126,0.0
2024-01-24 07:00:00,39.23622306564299,0.0
2024-01-24 08:00:00,39.37095822314703,0.0
2024-01-24 09:00:00,39.90087829913713,0.0
2024-01-24 10:00:00,40.3979906618267,0.0
2024-01-24 11:00:00,40.47663072963151,0.0
2024-01-24 12:00:00,40.180747365307276,0.0
2024-01-24 13:00:00,39.914334641358906,0.0
2024-01-24 14:00:00,40.0213701734977,0.0
2024-01-24 15:00:00,40.46693481958247,0.0
2024-01-24 16:00:00,40.93820456901875,0.0
2024-01-24 17:00:00,41.22649563873312,0.0
2024-01-24 18:00:00,41.45295823019147,0.0
2024-01-24 19:00:00,41.87427563168519,0.0
2024-01-24 20:00:00,42.470866121746944,0.0
2024-01-24 21:00:00,42.787749763998114,0.0
2024-01-24 22:00:00,42.270362998158404,0.0
2024-01-24 23:00:00,40.825158750974154,0.0
2024-01-25 00:00:00,39.05636521844614,0.0
2024-01-25 01:00:00,37.89086392693585,0.0
2024-01-25 02:00:00,37.874992901372906,0.0
2024-01-25 03:00:00,38.75922780928432,0.0
2024-01-25 04:00:00,39.74441812504669,0.0
2024-01-25 05:00:00,40.164346168519685,0.0
2024-01-25 06:00:00,39.99010228963934,0.0
2024-01-25 07:00:00,39.728658329595525,0.0
2024-01-25 08:00:00,39.86339348711076,0.0
2024-01-25 09:00:00,40.3933135631109,0.0
2024-01-25 10:00:00,40.89042592580186,0.0
2024-01-25 11:00:00,40.969065993565835,0.0
2024-01-25 12:00:00,40.67318262927008,0.0
2024-01-25 13:00:00,40.40676990097216,0.0
2024-01-25 14:00:00,40.51380542875827,0.0
2024-01-25 15:00:00,40.959370070493826,0.0
2024-01-25 16:00:00,41.430639815580655,0.0
2024-01-25 17:00:00,41.718930880948065,0.0
2024-01-25 18:00:00,41.94539346803613,0.0
2024-01-25 19:00:00,42.366710865212625,0.0
2024-01-25 20:00:00,42.963301350885324,0.0
2024-01-25 21:00:00,43.28018498880548,0.0
2024-01-25 22:00:00,42.76279821859296,0.0
2024-01-25 23:00:00,41.31759396715176,0.0
2024-01-26 00:00:00,39.54880043026763,0.0
2024-01-26 01:00:00,38.383299134329924,0.0
2024-01-26 02:00:00,38.367428104409036,0.0
2024-01-26 03:00:00,39.2516630079488,0.0
2024-01-26 04:00:00,40.23685331937294,0.0
2024-01-26 05:00:00,40.656781358527965,0.0
2024-01-26 06:00:00,40.482537475307296,0.0
2024-01-26 07:00:00,40.22109351090475,0.0
2024-01-26 08:00:00,40.35582866406461,0.0
2024-01-26 09:00:00,40.885748735724285,0.0
2024-01-26 10:00:00,41.382861094042575,0.0
2024-01-26 11:00:00,41.46150115747372,0.0
2024-01-26 12:00:00,41.165617788798606,0.0
2024-01-26 13:00:00,40.899205060528836,0.0
2024-01-26 14:00:00,41.00624058830793,0.0
2024-01-26 15:00:00,41.451805230044776,0.0
2024-01-26 16:00:00,41.92307497513266,0.0
2024-01-26 17:00:00,42.211366040500344,0.0
2024-01-26 18:00:00,42.437828627598904,0.0
2024-01-26 19:00:00,42.85914602474671,0.0
2024-01-26 20:00:00,43.45573651045135,0.0
2024-01-26 21:00:00,43.77262014835542,0.0
2024-01-26 22:00:00,43.2552333781206,0.0
2024-01-26 23:00:00,41.81002912666541,0.0
2024-01-27 00:00:00,40.04123558980918,0.0
2024-01-27 01:00:00,38.875734293871815,0.0
2024-01-27 02:00:00,38.85986326397591,0.0
2024-01-27 03:00:00,39.74409816752652,0.0
2024-01-27 04:00:00,40.72928847894238,0.0
2024-01-27 05:00:00,41.14921651807764,0.0
2024-01-27 06:00:00,40.97497263484648,0.0
2024-01-27 07:00:00,40.713528670480365,0.0
2024-01-27 08:00:00,40.84826382360211,0.0
2024-01-27 09:00:00,41.37818389525317,0.0
2024-01-27 10:00:00,41.875296254386804,0.0
2024-01-27 11:00:00,41.953936318594124,0.0
2024-01-27 12:00:00,41.65805295070788,0.0
2024-01-27 13:00:00,41.391640223201215,0.0
2024-01-27 14:00:00,41.498675751752636,0.0
2024-01-27 15:00:00,41.94424039426263,0.0
2024-01-27 16:00:00,42.415510140136426,0.0
2024-01-27 17:00:00,42.703801206303424,0.0
2024-01-27 18:00:00,42.93026379416835,0.0
2024-01-27 19:00:00,43.3515811920869,0.0
2024-01-27 20:00:00,43.948171678585325,0.0
2024-01-27 21:00:00,44.26505531727666,0.0
2024-01-27 22:00:00,43.7476685478654,0.0
2024-01-27 23:00:00,42.30246429711225,0.0
2024-01-28 00:00:00,40.53367076104246,0.0
2024-01-28 01:00:00,39.368169465908764,0.0
2024-01-28 02:00:00,39.35229843681878,0.0
2024-01-28 03:00:00,40.236533341126254,0.0
2024-01-28 04:00:00,41.22172365334973,0.0
2024-01-28 05:00:00,41.64165169324802,0.0
2024-01-28 06:00:00,41.46740781078546,0.0
2024-01-28 07:00:00,41.205963847201744,0.0
2024-01-28 08:00:00,41.34069900113804,0.0
2024-01-28 09:00:00,41.87061907355767,0.0
2024-01-28 10:00:00,42.367731432665686,0.0
2024-01-28 11:00:00,42.446371496894116,0.0
2024-01-28 12:00:00,42.150488129001424,0.0
2024-01-28 13:00:00,41.88407540149244,0.0
2024-01-28 14:00:00,41.99111093004491,0.0
2024-01-28 15:00:00,42.43667557259113,0.0
2024-01-28 16:00:00,42.90794531843103,0.0
2024-01-28 17:00:00,43.19623638459006,0.0
2024-01-28 18:00:00,43.42269897247372,0.0
2024-01-28 19:00:00,43.84401637039853,0.0
2024-01-28 20:00:00,44.44060685685839,0.0
2024-01-28 21:00:00,44.757490495572775,0.0
2024-01-28 22:00:00,44.24010372616265,0.0
2024-01-28 23:00:00,42.79489947547603,0.0
2024-01-29 00:00:00,41.0261059394006,0.0
2024-01-29 01:00:00,39.86060464422798,0.0
2024-01-29 02:00:00,39.84473361510125,0.0
2024-01-29 03:00:00,40.72896851937888,0.0
2024-01-29 04:00:00,41.71415883161462,0.0
2024-01-29 05:00:00,42.13408687154217,0.0
2024-01-29 06:00:00,41.959842989067255,0.0
2024-01-29 07:00:00,41.69839902550108,0.0
2024-01-29 08:00:00,41.83120735406816,0.0
2024-01-29 09:00:00,42.3592006011302,0.0
2024-01-29 10:00:00,42.85438613487851,0.0
2024-01-29 11:00:00,42.9310993737367,0.0
2024-01-29 12:00:00,42.633289180473184,0.0
2024-01-29 13:00:00,42.364949627597525,0.0
2024-01-29 14:00:00,42.47005833081372,0.0
2024-01-29 15:00:00,42.91369614796987,0.0
2024-01-29 16:00:00,43.38303906846886,0.0
2024-01-29 17:00:00,43.66940330924467,0.0
2024-01-29 18:00:00,43.893939071771214,0.0
2024-01-29 19:00:00,44.31332964433792,0.0
2024-01-29 20:00:00,44.90799330543042,0.0
2024-01-29 21:00:00,45.22295011876764,0.0
2024-01-29 22:00:00,44.703636523967596,0.0
2024-01-29 23:00:00,43.25650544790264,0.0
2024-01-30 00:00:00,41.485785086468354,0.0
2024-01-30 01:00:00,40.31835696595412,0.0
2024-01-30 02:00:00,40.30055911145234,0.0
2024-01-30 03:00:00,41.18286719041215,0.0
2024-01-30 04:00:00,42.16613067725286,0.0
2024-01-30 05:00:00,42.58413189181871,0.0
2024-01-30 06:00:00,42.40796118399473,0.0
2024-01-30 07:00:00,42.14459039503989,0.0
2024-01-30 08:00:00,42.27739872360381,0.0
2024-01-30 09:00:00,42.80539197065723,0.0
2024-01-30 10:00:00,43.30057750441638,0.0
2024-01-30 11:00:00,43.37729074329224,0.0
2024-01-30 12:00:00,43.07948055003778,0.0
2024-01-30 13:00:00,42.81114099715236,0.0
2024-01-30 14:00:00,42.91624970036153,0.0
2024-01-30 15:00:00,43.359887517500205,0.0
2024-01-30 16:00:00,43.829230438004195,0.0
2024-01-30 17:00:00,44.115594678795105,0.0
2024-01-30 18:00:00,44.34013044133212,0.0
2024-01-30 19:00:00,44.759521013866845,0.0
2024-01-30 20:00:00,45.35418467499459,0.0
2024-01-30 21:00:00,45.669141488315724,0.0
2024-01-30 22:00:00,45.149827893493374,0.0
2024-01-30 23:00:00,43.70269681741445,0.0
2024-01-31 00:00:00,41.93197645600806,0.0
2024-01-31 01:00:00,40.76454833549415,0.0
2024-01-31 02:00:00,40.74675048101735,0.0
2024-01-31 03:00:00,41.629058559988025,0.0
2024-01-31 04:00:00,42.61232204682046,0.0
2024-01-31 05:00:00,43.02287244061277,0.0
2024-01-31 06:00:00,42.839250912014315,0.0
2024-01-31 07:00:00,42.56842930233701,0.0
2024-01-31 08:00:00,42.6937868101183,0.0
2024-01-31 09:00:00,43.21432923642287,0.0
2024-01-31 10:00:00,43.702063949424534,0.0
2024-01-31 11:00:00,43.77132636753674,0.0
2024-01-31 12:00:00,43.466065353493406,0.0
2024-01-31 13:00:00,43.19027497986919,0.0
2024-01-31 14:00:00,43.28793286231086,0.0
2024-01-31 15:00:00,43.72411985870161,0.0
2024-01-31 16:00:00,44.186011958447764,0.0
2024-01-31 17:00:00,44.46492537847184,0.0
2024-01-31 18:00:00,44.682010320246896,0.0
2024-01-31 19:00:00,45.09395007201585,0.0
2024-01-31 20:00:00,45.6811629123811,0.0
2024-01-31 21:00:00,45.9886689049664,0.0
2024-01-31 22:00:00,45.461904489424214,0.0
2024-01-31 23:00:00,44.00732259254244,0.0
2024-02-01 00:00:00,42.229151410444125,0.0
2024-02-01 01:00:00,41.05427246913241,0.0
2024-02-01 02:00:00,41.02902379388698,0.0
2024-02-01 03:00:00,41.90388105210962,0.0
2024-02-01 04:00:00,42.87969371812772,0.0
2024-02-01 05:00:00,43.290244111949306,0.0
2024-02-01 06:00:00,43.10662258336551,0.0
2024-02-01 07:00:00,42.835800973662664,0.0
2024-02-01 08:00:00,42.96115848145515,0.0
2024-02-01 09:00:00,43.481700907769756,0.0
2024-02-01 10:00:00,43.969435620772806,0.0
2024-02-01 11:00:00,44.038698038844174,0.0
2024-02-01 12:00:00,43.73343702482933,0.0
2024-02-01 13:00:00,43.45764665120604,0.0
2024-02-01 14:00:00,43.555304533645526,0.0
2024-02-01 15:00:00,43.99149153003756,0.0
2024-02-01 16:00:00,44.45338362978475,0.0
2024-02-01 17:00:00,44.73229704981237,0.0
2024-02-01 18:00:00,44.94938199156764,0.0
2024-02-01 19:00:00,45.36132174336986,0.0
2024-02-01 20:00:00,45.948534583732105,0.0
2024-02-01 21:00:00,46.25604057630133,0.0
2024-02-01 22:00:00,45.72927616073684,0.0
2024-02-01 23:00:00,44.274694263948604,0.0
2024-02-02 00:00:00,42.49652308174826,0.0
2024-02-02 01:00:00,41.321644140456016,0.0
2024-02-02 02:00:00,41.28716628406423,0.0
2024-02-02 03:00:00,42.15279436112679,0.0
2024-02-02 04:00:00,43.1193778460654,0.0
2024-02-02 05:00:00,43.52069905872828,0.0
2024-02-02 06:00:00,43.32784834902086,0.0
2024-02-02 07:00:00,43.04779755817086,0.0
2024-02-02 08:00:00,43.16392588481955,0.0
2024-02-02 09:00:00,43.67523912997225,0.0
2024-02-02 10:00:00,44.15374466184723,0.0
2024-02-02 11:00:00,44.21377789879734,0.0
2024-02-02 12:00:00,43.8992877036371,0.0
2024-02-02 13:00:00,43.61426814888064,0.0
2024-02-02 14:00:00,43.70269685020121,0.0
2024-02-02 15:00:00,44.129654665428596,0.0
2024-02-02 16:00:00,44.58231758402308,0.0
2024-02-02 17:00:00,44.852001822930134,0.0
2024-02-02 18:00:00,45.05985758355372,0.0
2024-02-02 19:00:00,45.46256815422327,0.0
2024-02-02 20:00:00,46.04055181344359,0.0
2024-02-02 21:00:00,46.33882862486107,0.0
2024-02-02 22:00:00,45.80283502813209,0.0
2024-02-02 23:00:00,44.33902395019095,0.0
2024-02-03 00:00:00,42.55162358685718,0.0
2024-02-03 01:00:00,41.36751546444876,0.0
2024-02-03 02:00:00,41.33303760805494,0.0
2024-02-03 03:00:00,42.19866568515536,0.0
2024-02-03 04:00:00,43.1652491700633,0.0
2024-02-03 05:00:00,43.566570382730696,0.0
2024-02-03 06:00:00,43.3737196730109,0.0
2024-02-03 07:00:00,43.093668882162376,0.0
2024-02-03 08:00:00,43.209797208807906,0.0
2024-02-03 09:00:00,43.72111045398174,0.0
2024-02-03 10:00:00,44.199615985861364,0.0
2024-02-03 11:00:00,44.2596492228067,0.0
2024-02-03 12:00:00,43.945159027654405,0.0
2024-02-03 13:00:00,43.660139472880104,0.0
2024-02-03 14:00:00,43.74856817419205,0.0
2024-02-03 15:00:00,44.175525989411646,0.0
2024-02-03 16:00:00,44.628188908048344,0.0
2024-02-03 17:00:00,44.897873146936526,0.0
2024-02-03 18:00:00,45.10572890754554,0.0
2024-02-03 19:00:00,45.50843947820489,0.0
2024-02-03 20:00:00,46.08642313743806,0.0
2024-02-03 21:00:00,46.38469994886543,0.0
2024-02-03 22:00:00,45.8487063521755,0.0
2024-02-03 23:00:00,44.37879793175776,0.0
2024-02-04 00:00:00,42.58530022603179,0.0
2024-02-04 01:00:00,41.39509476128313,0.0
2024-02-04 02:00:00,41.354519562481876,0.0
2024-02-04 03:00:00,42.21405029716052,0.0
2024-02-04 04:00:00,43.17453643969742,0.0
2024-02-04 05:00:00,43.569760309949224,0.0
2024-02-04 06:00:00,43.370812257819395,0.0
2024-02-04 07:00:00,43.08466412457463,0.0
2024-02-04 08:00:00,43.194695108856074,0.0
2024-02-04 09:00:00,43.69991101161983,0.0
2024-02-04 10:00:00,44.17231920107614,0.0
2024-02-04 11:00:00,44.22625509564491,0.0
2024-02-04 12:00:00,43.90566755808846,0.0
2024-02-04 13:00:00,43.61455066091414,0.0
2024-02-04 14:00:00,43.696882019829445,0.0
2024-02-04 15:00:00,44.117742492687576,0.0
2024-02-04 16:00:00,44.564308068892686,0.0
2024-02-04 17:00:00,44.827894965375215,0.0
2024-02-04 18:00:00,45.02965338360526,0.0
2024-02-04 19:00:00,45.426266611873174,0.0
2024-02-04 20:00:00,45.99815292867008,0.0
2024-02-04 21:00:00,46.29033239771924,0.0
2024-02-04 22:00:00,45.748241458636315,0.0
2024-02-04 23:00:00,44.278333038285105,0.0
2024-02-05 00:00:00,42.48483533255351,0.0
2024-02-05 01:00:00,41.294629867731196,0.0
2024-02-05 02:00:00,41.25405466891924,0.0
2024-02-05 03:00:00,42.113585403576714,0.0
2024-02-05 04:00:00,43.07407154612588,0.0
2024-02-05 05:00:00,43.46929541640694,0.0
2024-02-05 06:00:00,43.270347364290544,0.0
2024-02-05 07:00:00,42.98419923103756,0.0
2024-02-05 08:00:00,43.09423021531411,0.0
2024-02-05 09:00:00,43.5994461180879,0.0
2024-02-05 10:00:00,44.07185430752205,0.0
2024-02-05 11:00:00,44.12579020207353,0.0
2024-02-05 12:00:00,43.80520266454556,0.0
2024-02-05 13:00:00,43.514085767372194,0.0
2024-02-05 14:00:00,43.59641712628529,0.0
2024-02-05 15:00:00,44.0172775991447,0.0
2024-02-05 16:00:00,44.46384317535086,0.0
2024-02-05 17:00:00,44.72743007183692,0.0
2024-02-05 18:00:00,44.92918849004718,0.0
2024-02-05 19:00:00,45.325801718348366,0.0
2024-02-05 20:00:00,45.897688035142274,0.0
2024-02-05 21:00:00,46.18986713342258,0.0
2024-02-05 22:00:00,45.64777582356458,0.0
2024-02-05 23:00:00,44.17786703248156,0.0
2024-02-06 00:00:00,42.38436895596774,0.0
2024-02-06 01:00:00,41.19416312041213,0.0
2024-02-06 02:00:00,41.153587550875635,0.0
2024-02-06 03:00:00,42.0131179147912,0.0
2024-02-06 04:00:00,42.97360368657932,0.0
2024-02-06 05:00:00,43.36882718608784,0.0
2024-02-06 06:00:00,43.169878763235204,0.0
2024-02-06 07:00:00,42.883730259203894,0.0
2024-02-06 08:00:00,42.993760872724515,0.0
2024-02-06 09:00:00,43.49897640473692,0.0
2024-02-06 10:00:00,43.971384223452695,0.0
2024-02-06 11:00:00,44.025319747246634,0.0
2024-02-06 12:00:00,43.70473183897383,0.0
2024-02-06 13:00:00,43.41361457103791,0.0
2024-02-06 14:00:00,43.49594555919123,0.0
2024-02-06 15:00:00,43.91680566128039,0.0
2024-02-06 16:00:00,44.36337086673877,0.0
2024-02-06 17:00:00,44.626957392487164,0.0
2024-02-06 18:00:00,44.828715439955126,0.0
2024-02-06 19:00:00,45.225328297471556,0.0
2024-02-06 20:00:00,45.79721424354793,0.0
2024-02-06 21:00:00,46.089393341812155,0.0
2024-02-06 22:00:00,45.54730203199677,0.0
2024-02-06 23:00:00,44.077393240834844,0.0
2024-02-07 00:00:00,42.28389516434893,0.0
2024-02-07 01:00:00,41.093689328793644,0.0
2024-02-07 02:00:00,41.053113759282134,0.0
2024-02-07 03:00:00,41.91264412320856,0.0
2024-02-07 04:00:00,42.8731298949884,0.0
2024-02-07 05:00:00,43.26835339448228,0.0
2024-02-07 06:00:00,43.06940497161403,0.0
2024-02-07 07:00:00,42.78325646761913,0.0
2024-02-07 08:00:00,42.89328708111602,0.0
2024-02-07 09:00:00,43.39850261313844,0.0
2024-02-07 10:00:00,43.87091043185561,0.0
2024-02-07 11:00:00,43.92484595564366,0.0
2024-02-07 12:00:00,43.604258047341986,0.0
2024-02-07 13:00:00,43.31314077942616,0.0
2024-02-07 14:00:00,43.395471767570854,0.0
2024-02-07 15:00:00,43.81633186967098,0.0
2024-02-07 16:00:00,44.2628970751304,0.0
2024-02-07 17:00:00,44.52648360087084,0.0
2024-02-07 18:00:00,44.728239640073305,0.0
2024-02-07 19:00:00,45.12485048932042,0.0
2024-02-07 20:00:00,45.69673442713076,0.0
2024-02-07 21:00:00,45.98891151715562,0.0
2024-02-07 22:00:00,45.44681819905194,0.0
2024-02-07 23:00:00,43.97690739961362,0.0
2024-02-08 00:00:00,42.18340731496717,0.0
2024-02-08 01:00:00,40.99319947111054,0.0
2024-02-08 02:00:00,40.95262189332687,0.0
2024-02-08 03:00:00,41.812150248934024,0.0
2024-02-08 04:00:00,42.77263401246371,0.0
2024-02-08 05:00:00,43.16785550372443,0.0
2024-02-08 06:00:00,42.968905072581414,0.0
2024-02-08 07:00:00,42.68275456034164,0.0
2024-02-08 08:00:00,42.79278316559364,0.0
2024-02-08 09:00:00,43.29799668934127,0.0
2024-02-08 10:00:00,43.7704024997704,0.0
2024-02-08 11:00:00,43.82433601531715,0.0
2024-02-08 12:00:00,43.503746098746596,0.0
2024-02-08 13:00:00,43.21262682256603,0.0
2024-02-08 14:00:00,43.29495580244936,0.0
2024-02-08 15:00:00,43.715813896323304,0.0
2024-02-08 16:00:00,44.1623770934864,0.0
2024-02-08 17:00:00,44.42596161096796,0.0
2024-02-08 18:00:00,44.62771765017766,0.0
2024-02-08 19:00:00,45.024328499431036,0.0
2024-02-08 20:00:00,45.59621243721597,0.0
2024-02-08 21:00:00,45.88838952724715,0.0
2024-02-08 22:00:00,45.34629620914817,0.0
2024-02-08 23:00:00,43.876385409776375,0.0
2024-02-09 00:00:00,42.0828853250279,0.0
2024-02-09 01:00:00,40.892677481194006,0.0
2024-02-09 02:00:00,40.85209990339964,0.0
2024-02-09 03:00:00,41.71162825901839,0.0
2024-02-09 04:00:00,42.67211202257474,0.0
2024-02-09 05:00:00,43.0673335138157,0.0
2024-02-09 06:00:00,42.86838308268797,0.0
2024-02-09 07:00:00,42.5822325704239,0.0
2024-02-09 08:00:00,42.69226117567272,0.0
2024-02-09 09:00:00,43.197474699411735,0.0
2024-02-09 10:00:00,43.669880509851716,0.0
2024-02-09 11:00:00,43.723814025416125,0.0
2024-02-09 12:00:00,43.40322410885463,0.0
2024-02-09 13:00:00,43.11210483266429,0.0
2024-02-09 14:00:00,43.19443381256763,0.0
2024-02-09 15:00:00,43.61529157473819,0.0
2024-02-09 16:00:00,44.06185444020984,0.0
2024-02-09 17:00:00,44.325438626032096,0.0
2024-02-09 18:00:00,44.52719433357137,0.0
2024-02-09 19:00:00,44.923804851153335,0.0
2024-02-09 20:00:00,45.49568845725761,0.0
2024-02-09 21:00:00,45.7878652155983,0.0
2024-02-09 22:00:00,45.245771565796105,0.0
2024-02-09 23:00:00,43.77586043473267,0.0
2024-02-10 00:00:00,41.98236001831202,0.0
2024-02-10 01:00:00,40.79215184282321,0.0
2024-02-10 02:00:00,40.75157393334915,0.0
2024-02-10 03:00:00,41.61110195732811,0.0
2024-02-10 04:00:00,42.571585389176114,0.0
2024-02-10 05:00:00,42.96680654874392,0.0
2024-02-10 06:00:00,42.76785578592619,0.0
2024-02-10 07:00:00,42.48170494198592,0.0
2024-02-10 08:00:00,42.59173321556828,0.0
2024-02-10 09:00:00,43.09694640763641,0.0
2024-02-10 10:00:00,43.569351886403375,0.0
2024-02-10 11:00:00,43.623285070285355,0.0
2024-02-10 12:00:00,43.30269482203861,0.0
2024-02-10 13:00:00,43.011575214168296,0.0
2024-02-10 14:00:00,43.09390386238535,0.0
2024-02-10 15:00:00,43.5147616245481,0.0
2024-02-10 16:00:00,43.961324490061976,0.0
2024-02-10 17:00:00,44.224908675853875,0.0
2024-02-10 18:00:00,44.42666438339006,0.0
2024-02-10 19:00:00,44.823274900961835,0.0
2024-02-10 20:00:00,45.39515850710136,0.0
2024-02-10 21:00:00,45.68733526542955,0.0
2024-02-10 22:00:00,45.14524161566639,0.0
2024-02-10 23:00:00,43.67533048452405,0.0
2024-02-11 00:00:00,41.88183006813131,0.0
2024-02-11 01:00:00,40.69162189267756,0.0
2024-02-11 02:00:00,40.651043983193745,0.0
2024-02-11 03:00:00,41.51057200718356,0.0
2024-02-11 04:00:00,42.47105543897612,0.0
2024-02-11 05:00:00,42.866276598576455,0.0
2024-02-11 06:00:00,42.66732583574311,0.0
2024-02-11 07:00:00,42.38117499183925,0.0
2024-02-11 08:00:00,42.49120326539787,0.0
2024-02-11 09:00:00,42.99641645747603,0.0
2024-02-11 10:00:00,43.46882193624439,0.0
2024-02-11 11:00:00,43.52275512012047,0.0
2024-02-11 12:00:00,43.20160006185058,0.0
2024-02-11 13:00:00,42.909915644006055,0.0
2024-02-11 14:00:00,42.99167948222987,0.0
2024-02-11 15:00:00,43.411972434399615,0.0
2024-02-11 16:00:00,43.85797048992024,0.0
2024-02-11 17:00:00,44.12098986571813,0.0
2024-02-11 18:00:00,44.3221807632705,0.0
2024-02-11 19:00:00,44.7182264708193,0.0
2024-02-11 20:00:00,45.28954526696091,0.0
2024-02-11 21:00:00,45.581157215314285,0.0
2024-02-11 22:00:00,45.038498755534526,0.0
2024-02-11 23:00:00,43.568022814491435,0.0
2024-02-12 00:00:00,41.773957588098774,0.0
2024-02-12 01:00:00,40.58318460257706,0.0
2024-02-12 02:00:00,40.542041883088274,0.0
2024-02-12 03:00:00,41.401005097062615,0.0
2024-02-12 04:00:00,42.36092371892033,0.0
2024-02-12 05:00:00,42.75558006850846,0.0
2024-02-12 06:00:00,42.55606449569425,0.0
2024-02-12 07:00:00,42.26934884178786,0.0
2024-02-12 08:00:00,42.37881230534732,0.0
2024-02-12 09:00:00,42.8834606874082,0.0
2024-02-12 10:00:00,43.35530135619312,0.0
2024-02-12 11:00:00,43.40866973005762,0.0
2024-02-12 12:00:00,43.08751467181621,0.0
2024-02-12 13:00:00,42.79583025397743,0.0
2024-02-12 14:00:00,42.87759409219424,0.0
2024-02-12 15:00:00,43.297887044365275,0.0
2024-02-12 16:00:00,43.74388509988694,0.0
2024-02-12 17:00:00,44.006904475688366,0.0
2024-02-12 18:00:00,44.208095373220964,0.0
2024-02-12 19:00:00,44.604141080803025,0.0
2024-02-12 20:00:00,45.175459876941616,0.0
2024-02-12 21:00:00,45.46707182527893,0.0
2024-02-12 22:00:00,44.92441336547686,0.0
2024-02-12 23:00:00,43.453937424454736,0.0
2024-02-13 00:00:00,41.659872198032616,0.0
2024-02-13 01:00:00,40.46909921253039,0.0
2024-02-13 02:00:00,40.42795649306983,0.0
2024-02-13 03:00:00,41.28691970705504,0.0
2024-02-13 04:00:00,42.246838328904474,0.0
2024-02-13 05:00:00,42.64149467847283,0.0
2024-02-13 06:00:00,42.44197910567515,0.0
2024-02-13 07:00:00,42.155263451743224,0.0
2024-02-13 08:00:00,42.26472691529952,0.0
2024-02-13 09:00:00,42.769375297384784,0.0
2024-02-13 10:00:00,43.241215188073085,0.0
2024-02-13 11:00:00,43.29458278383482,0.0
2024-02-13 12:00:00,42.97342694750334,0.0
2024-02-13 13:00:00,42.681741751551975,0.0
2024-02-13 14:00:00,42.76350481165891,0.0
2024-02-13 15:00:00,43.18379698572414,0.0
2024-02-13 16:00:00,43.62979426315279,0.0
2024-02-13 17:00:00,43.892812860874564,0.0
2024-02-13 18:00:00,44.09400298029459,0.0
2024-02-13 19:00:00,44.490047909768464,0.0
2024-02-13 20:00:00,45.06136592784429,0.0
2024-02-13 21:00:00,45.352977098070774,0.0
2024-02-13 22:00:00,44.81031786021007,0.0
2024-02-13 23:00:00,43.33984114101103,0.0
2024-02-14 00:00:00,41.54577513649641,0.0
2024-02-14 01:00:00,40.35500137291891,0.0
2024-02-14 02:00:00,40.31385787535832,0.0
2024-02-14 03:00:00,41.1728203112834,0.0
2024-02-14 04:00:00,42.13273815500414,0.0
2024-02-14 05:00:00,42.527393726479005,0.0
2024-02-14 06:00:00,42.32787737557097,0.0
2024-02-14 07:00:00,42.0411609435425,0.0
2024-02-14 08:00:00,42.150623629012,0.0
2024-02-14 09:00:00,42.65527123300604,0.0
2024-02-14 10:00:00,43.12711112369899,0.0
2024-02-14 11:00:00,43.180478719454825,0.0
2024-02-14 12:00:00,42.85932288311688,0.0
2024-02-14 13:00:00,42.567637687163206,0.0
2024-02-14 14:00:00,42.6494007472982,0.0
2024-02-14 15:00:00,43.06969292133771,0.0
2024-02-14 16:00:00,43.515690198789805,0.0
2024-02-14 17:00:00,43.778708796481226,0.0
2024-02-14 18:00:00,43.979898915919975,0.0
2024-02-14 19:00:00,44.375943845400094,0.0
2024-02-14 20:00:00,44.94726186343737,0.0
2024-02-14 21:00:00,45.2388730336869,0.0
2024-02-14 22:00:00,44.69621379580031,0.0
2024-02-14 23:00:00,43.22573707669481,0.0
2024-02-15 00:00:00,41.43167107217457,0.0
2024-02-15 01:00:00,40.24089730855814,0.0
2024-02-15 02:00:00,40.1997538109878,0.0
2024-02-15 03:00:00,41.05871624685604,0.0
2024-02-15 04:00:00,42.01863409058904,0.0
2024-02-15 05:00:00,42.41328966209316,0.0
2024-02-15 06:00:00,42.21377331117278,0.0
2024-02-15 07:00:00,41.92685733023177,0.0
2024-02-15 08:00:00,42.03612046678869,0.0
2024-02-15 09:00:00,42.54056852184024,0.0
2024-02-15 10:00:00,43.01220886358092,0.0
2024-02-15 11:00:00,43.065376910424334,0.0
2024-02-15 12:00:00,42.744021525149826,0.0
2024-02-15 13:00:00,42.45213678026372,0.0
2024-02-15 14:00:00,42.53370029146968,0.0
2024-02-15 15:00:00,42.95379291661532,0.0
2024-02-15 16:00:00,43.399590645103416,0.0
2024-02-15 17:00:00,43.66240969386826,0.0
2024-02-15 18:00:00,43.86340026438414,0.0
2024-02-15 19:00:00,44.259245644940414,0.0
2024-02-15 20:00:00,44.83036411402218,0.0
2024-02-15 21:00:00,45.12177573534794,0.0
2024-02-15 22:00:00,44.57891694853595,0.0
2024-02-15 23:00:00,43.10824068045936,0.0
2024-02-16 00:00:00,41.3139751270145,0.0
2024-02-16 01:00:00,40.12300181449071,0.0
2024-02-16 02:00:00,40.081658767979576,0.0
2024-02-16 03:00:00,40.940421654929295,0.0
2024-02-16 04:00:00,41.900139949758874,0.0
2024-02-16 05:00:00,42.294595972313125,0.0
2024-02-16 06:00:00,42.09488007247793,0.0
2024-02-16 07:00:00,41.80796409151261,0.0
2024-02-16 08:00:00,41.91722722806636,0.0
2024-02-16 09:00:00,42.4216752831093,0.0
2024-02-16 10:00:00,42.89331562485738,0.0
2024-02-16 11:00:00,42.946483671686956,0.0
2024-02-16 12:00:00,42.62512828645645,0.0
2024-02-16 13:00:00,42.33324354156057,0.0
2024-02-16 14:00:00,42.414807052759514,0.0
2024-02-16 15:00:00,42.83489967788768,0.0
2024-02-16 16:00:00,43.28069740638077,0.0
2024-02-16 17:00:00,43.543516455163974,0.0
2024-02-16 18:00:00,43.74450702566007,0.0
2024-02-16 19:00:00,44.14035240621136,0.0
2024-02-16 20:00:00,44.71147087532838,0.0
2024-02-16 21:00:00,45.002882496638044,0.0
2024-02-16 22:00:00,44.46002370980375,0.0
2024-02-16 23:00:00,42.98934744174813,0.0
2024-02-17 00:00:00,41.195081888273826,0.0
2024-02-17 01:00:00,40.004108575769514,0.0
2024-02-17 02:00:00,39.962765529286614,0.0
2024-02-17 03:00:00,40.82152841624718,0.0
2024-02-17 04:00:00,41.78062803391895,0.0
2024-02-17 05:00:00,42.17446537930576,0.0
2024-02-17 06:00:00,41.97413080233569,0.0
2024-02-17 07:00:00,41.68659614419527,0.0
2024-02-17 08:00:00,41.795240603610694,0.0
2024-02-17 09:00:00,42.29906998151412,0.0
2024-02-17 10:00:00,42.77009164611405,0.0
2024-02-17 11:00:00,42.822641015789316,0.0
2024-02-17 12:00:00,42.500666953401684,0.0
2024-02-17 13:00:00,42.2081635313572,0.0
2024-02-17 14:00:00,42.28910836539473,0.0
2024-02-17 15:00:00,42.70858231338431,0.0
2024-02-17 16:00:00,43.1537613647289,0.0
2024-02-17 17:00:00,43.41596173635461,0.0
2024-02-17 18:00:00,43.61633362969809,0.0
2024-02-17 19:00:00,44.0115603331279,0.0
2024-02-17 20:00:00,44.58206012505681,0.0
2024-02-17 21:00:00,44.872853069239994,0.0
2024-02-17 22:00:00,44.3293756052952,0.0
2024-02-17 23:00:00,42.85808066001113,0.0
2024-02-18 00:00:00,41.06319642948918,0.0
2024-02-18 01:00:00,39.8716044397964,0.0
2024-02-18 02:00:00,39.82964271615421,0.0
2024-02-18 03:00:00,40.6877869259761,0.0
2024-02-18 04:00:00,41.64688654359242,0.0
2024-02-18 05:00:00,42.04072388901176,0.0
2024-02-18 06:00:00,41.840389312026076,0.0
2024-02-18 07:00:00,41.55285465392207,0.0
2024-02-18 08:00:00,41.661499113313745,0.0
2024-02-18 09:00:00,42.1653284912272,0.0
2024-02-18 10:00:00,42.63635015582852,0.0
2024-02-18 11:00:00,42.6888995254979,0.0
2024-02-18 12:00:00,42.3669254630814,0.0
2024-02-18 13:00:00,42.074422041057005,0.0
2024-02-18 14:00:00,42.155366875095595,0.0
2024-02-18 15:00:00,42.57484082308647,0.0
2024-02-18 16:00:00,43.020019874432094,0.0
2024-02-18 17:00:00,43.28222024605808,0.0
2024-02-18 18:00:00,43.48259213941205,0.0
2024-02-18 19:00:00,43.87781884281317,0.0
2024-02-18 20:00:00,44.44831863477402,0.0
2024-02-18 21:00:00,44.739111578941134,0.0
2024-02-18 22:00:00,44.19563411497403,0.0
2024-02-18 23:00:00,42.72433916978349,0.0
2024-02-19 00:00:00,40.92945493918192,0.0
2024-02-19 01:00:00,39.737862949489475,0.0
2024-02-19 02:00:00,39.69590122583659,0.0
2024-02-19 03:00:00,40.55404543563731,0.0
2024-02-19 04:00:00,41.51314505331306,0.0
2024-02-19 05:00:00,41.90698239871262,0.0
2024-02-19 06:00:00,41.706647821742244,0.0
2024-02-19 07:00:00,41.419113163630016,0.0
2024-02-19 08:00:00,41.52775762303921,0.0
2024-02-19 09:00:00,42.03158700090728,0.0
2024-02-19 10:00:00,42.50260866551944,0.0
2024-02-19 11:00:00,42.55515803520649,0.0
2024-02-19 12:00:00,42.23318397278353,0.0
2024-02-19 13:00:00,41.940680550764874,0.0
2024-02-19 14:00:00,42.02162538479645,0.0
2024-02-19 15:00:00,42.441099332823555,0.0
2024-02-19 16:00:00,42.88627838412046,0.0
2024-02-19 17:00:00,43.14847875576481,0.0
2024-02-19 18:00:00,43.34885064912601,0.0
2024-02-19 19:00:00,43.74407735253338,0.0
2024-02-19 20:00:00,44.31457714446883,0.0
2024-02-19 21:00:00,44.60537008864226,0.0
2024-02-19 22:00:00,44.06189262467986,0.0
2024-02-19 23:00:00,42.59059767944834,0.0
2024-02-20 00:00:00,40.79571344885226,0.0
2024-02-20 01:00:00,39.604121459182544,0.0
2024-02-20 02:00:00,39.56215973555465,0.0
2024-02-20 03:00:00,40.420303945331284,0.0
2024-02-20 04:00:00,41.379403563033705,0.0
2024-02-20 05:00:00,41.77324090841536,0.0
2024-02-20 06:00:00,41.57290633143263,0.0
2024-02-20 07:00:00,41.28537167332187,0.0
2024-02-20 08:00:00,41.394016132727906,0.0
2024-02-20 09:00:00,41.897845510620364,0.0
2024-02-20 10:00:00,42.36886717520691,0.0
2024-02-20 11:00:00,42.421416544916184,0.0
2024-02-20 12:00:00,42.09944248250117,0.0
2024-02-20 13:00:00,41.80693906046468,0.0
2024-02-20 14:00:00,41.887883894487636,0.0
2024-02-20 15:00:00,42.30735784250694,0.0
2024-02-20 16:00:00,42.75253689382365,0.0
2024-02-20 17:00:00,43.014737265460056,0.0
2024-02-20 18:00:00,43.215109158818166,0.0
2024-02-20 19:00:00,43.61033586221535,0.0
2024-02-20 20:00:00,44.18083565418604,0.0
2024-02-20 21:00:00,44.47162859834696,0.0
2024-02-20 22:00:00,43.92815113442361,0.0
2024-02-20 23:00:00,42.45685618911318,0.0
2024-02-21 00:00:00,40.6619719585226,0.0
2024-02-21 01:00:00,39.47037996891034,0.0
2024-02-21 02:00:00,39.428418245245695,0.0
2024-02-21 03:00:00,40.286562455060206,0.0
2024-02-21 04:00:00,41.24566207273194,0.0
2024-02-21 05:00:00,41.6394994181181,0.0
2024-02-21 06:00:00,41.43916484112302,0.0
2024-02-21 07:00:00,41.151630183013715,0.0
2024-02-21 08:00:00,41.26027464243096,0.0
2024-02-21 09:00:00,41.76410402033019,0.0
2024-02-21 10:00:00,42.235125684921385,0.0
2024-02-21 11:00:00,42.28767505462478,0.0
2024-02-21 12:00:00,41.96570099220329,0.0
2024-02-21 13:00:00,41.67319757016449,0.0
2024-02-21 14:00:00,41.754142404215514,0.0
2024-02-21 15:00:00,42.17361635220908,0.0
2024-02-21 16:00:00,42.61879540354925,0.0
2024-02-21 17:00:00,42.88099577516678,0.0
2024-02-21 18:00:00,43.081367668532124,0.0
2024-02-21 19:00:00,43.47659437193556,0.0
2024-02-21 20:00:00,44.04709416386769,0.0
2024-02-21 21:00:00,44.33788710805135,0.0
2024-02-21 22:00:00,43.79440964410243,0.0
2024-02-21 23:00:00,42.32311469888555,0.0
2024-02-22 00:00:00,40.52823046828934,0.0
2024-02-22 01:00:00,39.33663847860342,0.0
2024-02-22 02:00:00,39.294676754928076,0.0
2024-02-22 03:00:00,40.152820964721414,0.0
2024-02-22 04:00:00,41.11192058240541,0.0
2024-02-22 05:00:00,41.50575792782409,0.0
2024-02-22 06:00:00,41.305423350839185,0.0
2024-02-22 07:00:00,41.017888692721655,0.0
2024-02-22 08:00:00,41.126533152134016,0.0
2024-02-22 09:00:00,41.63036253004327,0.0
2024-02-22 10:00:00,42.1013841946123,0.0
2024-02-22 11:00:00,42.15393356433336,0.0
2024-02-22 12:00:00,41.831959501883,0.0
2024-02-22 13:00:00,41.539456079864294,0.0
2024-02-22 14:00:00,41.62040091391637,0.0
2024-02-22 15:00:00,42.03987486191123,0.0
2024-02-22 16:00:00,42.48505391325244,0.0
2024-02-22 17:00:00,42.74725428487026,0.0
2024-02-22 18:00:00,42.947626178246075,0.0
2024-02-22 19:00:00,43.34285288162083,0.0
2024-02-22 20:00:00,43.9133526735849,0.0
2024-02-22 21:00:00,44.20414561775248,0.0
2024-02-22 22:00:00,43.660668153781245,0.0
2024-02-22 23:00:00,42.1893732085504,0.0
2024-02-23 00:00:00,40.39448897798208,0.0
2024-02-23 01:00:00,39.202896988296494,0.0
2024-02-23 02:00:00,39.160935264646135,0.0
2024-02-23 03:00:00,40.01907947445033,0.0
2024-02-23 04:00:00,40.97817909212605,0.0
2024-02-23 05:00:00,41.37201643752496,0.0
2024-02-23 06:00:00,41.17168186052957,0.0
2024-02-23 07:00:00,40.884147202448446,0.0
2024-02-23 08:00:00,40.9927916618227,0.0
2024-02-23 09:00:00,41.49662103972336,0.0
2024-02-23 10:00:00,41.96764270432678,0.0
2024-02-23 11:00:00,42.02019207404306,0.0
2024-02-23 12:00:00,41.698218011600645,0.0
2024-02-23 13:00:00,41.40571458957216,0.0
2024-02-23 14:00:00,41.48665942361723,0.0
2024-02-23 15:00:00,41.90613337159461,0.0
2024-02-23 16:00:00,42.351312422940815,0.0
2024-02-23 17:00:00,42.61351279457698,0.0
2024-02-23 18:00:00,42.81388468793823,0.0
2024-02-23 19:00:00,43.2091113913028,0.0
2024-02-23 20:00:00,43.779611183302116,0.0
2024-02-23 21:00:00,44.07040412745361,0.0
2024-02-23 22:00:00,43.526926663525,0.0
2024-02-23 23:00:00,42.05563171825019,0.0
2024-02-24 00:00:00,40.26074748765242,0.0
2024-02-24 01:00:00,39.069155497986316,0.0
2024-02-24 02:00:00,39.027193774364186,0.0
2024-02-24 03:00:00,39.88533798417924,0.0
2024-02-24 04:00:00,40.84443760184669,0.0
2024-02-24 05:00:00,41.2382749472277,0.0
2024-02-24 06:00:00,41.037940370246965,0.0
2024-02-24 07:00:00,40.7504057121403,0.0
2024-02-24 08:00:00,40.85905017152576,0.0
2024-02-24 09:00:00,41.36287954943644,0.0
2024-02-24 10:00:00,41.833901214041255,0.0
2024-02-24 11:00:00,41.8864505837167,0.0
2024-02-24 12:00:00,41.56447652130277,0.0
2024-02-24 13:00:00,41.271973099275215,0.0
2024-02-24 14:00:00,41.35291793330841,0.0
2024-02-24 15:00:00,41.77239188129676,0.0
2024-02-24 16:00:00,42.21757093264401,0.0
2024-02-24 17:00:00,42.47977130427221,0.0
2024-02-24 18:00:00,42.680143197625185,0.0
2024-02-24 19:00:00,43.075369901023016,0.0
2024-02-24 20:00:00,43.645869692983766,0.0
2024-02-24 21:00:00,43.936662637158314,0.0
2024-02-24 22:00:00,43.393185173203825,0.0
2024-02-24 23:00:00,41.92189022802254,0.0
2024-02-25 00:00:00,40.127005997419154,0.0
2024-02-25 01:00:00,38.93541400771412,0.0
2024-02-25 02:00:00,38.893452284055236,0.0
2024-02-25 03:00:00,39.75159649384045,0.0
2024-02-25 04:00:00,40.710696111520164,0.0
2024-02-25 05:00:00,41.10453345693045,0.0
2024-02-25 06:00:00,40.904198879937354,0.0
2024-02-25 07:00:00,40.61666422184824,0.0
2024-02-25 08:00:00,40.72530868122882,0.0
2024-02-25 09:00:00,41.22913805914626,0.0
2024-02-25 10:00:00,41.70015972375573,0.0
2024-02-25 11:00:00,41.75270909342529,0.0
2024-02-25 12:00:00,41.43073503100489,0.0
2024-02-25 13:00:00,41.138231608975026,0.0
2024-02-25 14:00:00,41.21917644303629,0.0
2024-02-25 15:00:00,41.63865039099891,0.0
2024-02-25 16:00:00,42.083829442369606,0.0
2024-02-25 17:00:00,42.346029813978944,0.0
2024-02-25 18:00:00,42.54640170733914,0.0
2024-02-25 19:00:00,42.94162841074323,0.0
2024-02-25 20:00:00,43.51212820270098,0.0
2024-02-25 21:00:00,43.8029211468627,0.0
2024-02-25 22:00:00,43.259443682882655,0.0
2024-02-25 23:00:00,41.78814873768739,0.0
2024-02-26 00:00:00,39.99326450708949,0.0
2024-02-26 01:00:00,38.80167251740719,0.0
2024-02-26 02:00:00,38.75971079373762,0.0
2024-02-26 03:00:00,39.61785500356937,0.0
2024-02-26 04:00:00,40.57695462121839,0.0
2024-02-26 05:00:00,40.97079196663131,0.0
2024-02-26 06:00:00,40.77045738965352,0.0
2024-02-26 07:00:00,40.48292273154009,0.0
2024-02-26 08:00:00,40.591567190917516,0.0
2024-02-26 09:00:00,41.095396568826345,0.0
2024-02-26 10:00:00,41.566418233446655,0.0
2024-02-26 11:00:00,41.61896760313387,0.0
2024-02-26 12:00:00,41.29699354072253,0.0
2024-02-26 13:00:00,41.00449011868289,0.0
2024-02-26 14:00:00,41.08543495273714,0.0
2024-02-26 15:00:00,41.504908900736005,0.0
2024-02-26 16:00:00,41.95008795205798,0.0
2024-02-26 17:00:00,42.21228832368567,0.0
2024-02-26 18:00:00,42.4126602170531,0.0
2024-02-26 19:00:00,42.80788692042519,0.0
2024-02-26 20:00:00,43.37838671239578,0.0
2024-02-26 21:00:00,43.669179656563834,0.0
2024-02-26 22:00:00,43.125702192588484,0.0
2024-02-26 23:00:00,41.65440724735223,0.0
2024-02-27 00:00:00,39.85952301675982,0.0
2024-02-27 01:00:00,38.667931027100266,0.0
2024-02-27 02:00:00,38.62596930345567,0.0
2024-02-27 03:00:00,39.48411351326334,0.0
2024-02-27 04:00:00,40.443213130939036,0.0
2024-02-27 05:00:00,40.837050476334056,0.0
2024-02-27 06:00:00,40.636715899343905,0.0
2024-02-27 07:00:00,40.349181241231946,0.0
2024-02-27 08:00:00,40.45782570064298,0.0
2024-02-27 09:00:00,40.96165507853942,0.0
2024-02-27 10:00:00,41.43267674313411,0.0
2024-02-27 11:00:00,41.48522611284358,0.0
2024-02-27 12:00:00,41.16325205042466,0.0
2024-02-27 13:00:00,40.8707486283827,0.0
2024-02-27 14:00:00,40.95169346242833,0.0
2024-02-27 15:00:00,41.37116741041939,0.0
2024-02-27 16:00:00,41.816346461761164,0.0
2024-02-27 17:00:00,42.078546833380905,0.0
2024-02-27 18:00:00,42.27891872674525,0.0
2024-02-27 19:00:00,42.6741454301454,0.0
2024-02-27 20:00:00,43.244645222112986,0.0
2024-02-27 21:00:00,43.535438166268534,0.0
2024-02-27 22:00:00,42.991960702332236,0.0
2024-02-27 23:00:00,41.52066575705202,0.0
2024-02-28 00:00:00,39.72578152652657,0.0
2024-02-28 01:00:00,38.53418953682808,0.0
2024-02-28 02:00:00,38.49222781317373,0.0
2024-02-28 03:00:00,39.35037202299225,0.0
2024-02-28 04:00:00,40.30947164061251,0.0
2024-02-28 05:00:00,40.70330898603679,0.0
2024-02-28 06:00:00,40.502974409061295,0.0
2024-02-28 07:00:00,40.2154397509238,0.0
2024-02-28 08:00:00,40.32408421034603,0.0
2024-02-28 09:00:00,40.82791358825251,0.0
2024-02-28 10:00:00,41.298935252848594,0.0
2024-02-28 11:00:00,41.35148462251722,0.0
2024-02-28 12:00:00,41.02951056012678,0.0
2024-02-28 13:00:00,40.73700713808576,0.0
2024-02-28 14:00:00,40.817951972129194,0.0
2024-02-28 15:00:00,41.23742592012153,0.0
2024-02-28 16:00:00,41.68260497146435,0.0
2024-02-28 17:00:00,41.94480534308764,0.0
2024-02-28 18:00:00,42.145177236432204,0.0
2024-02-28 19:00:00,42.54040393986562,0.0
2024-02-28 20:00:00,43.11090373179464,0.0
2024-02-28 21:00:00,43.401696675969674,0.0
2024-02-28 22:00:00,42.85821921201106,0.0
2024-02-28 23:00:00,41.38692426682438,0.0
2024-02-29 00:00:00,39.592040036196906,0.0
2024-02-29 01:00:00,38.400448046517894,0.0
2024-02-29 02:00:00,38.3584863228561,0.0
2024-02-29 03:00:00,39.21663053265346,0.0
2024-02-29 04:00:00,40.17573015033315,0.0
2024-02-29 05:00:00,40.56956749573766,0.0
2024-02-29 06:00:00,40.36923291877747,0.0
2024-02-29 07:00:00,40.08169826063175,0.0
2024-02-29 08:00:00,40.19034272004909,0.0
2024-02-29 09:00:00,40.69417209793259,0.0
2024-02-29 10:00:00,41.165193762539516,0.0
2024-02-29 11:00:00,41.2177431322258,0.0
2024-02-29 12:00:00,40.8957690698065,0.0
2024-02-29 13:00:00,40.60326564779363,0.0
2024-02-29 14:00:00,40.68421048183005,0.0
2024-02-29 15:00:00,41.10368442982368,0.0
2024-02-29 16:00:00,41.548863481167544,0.0
2024-02-29 17:00:00,41.81106385279111,0.0
2024-02-29 18:00:00,42.01143574614616,0.0
2024-02-29 19:00:00,42.406662449550886,0.0
2024-02-29 20:00:00,42.977162241511856,0.0
2024-02-29 21:00:00,43.2679551856708,0.0
2024-02-29 22:00:00,42.72447772168988,0.0
2024-02-29 23:00:00,41.253182776489226,0.0
